[{"profilePic":"https:\/\/media.karousell.com\/media\/photos\/profiles\/2021\/10\/28\/valo_consignment2_1635417659.jpg","userName":"valo_discounted","dateModified":"2 days ago","prodImg":"https:\/\/media.karousell.com\/media\/photos\/products\/2022\/2\/12\/supreme_tee_1644692925_7574f594_progressive_thumbnail.jpg","prodTitle":"Supreme Tee","prodPrice":"S$140","prodCondition":"Brand new","prodLikes":1,"freeShipping":true,"carouProtect":true},{"profilePic":"https:\/\/media.karousell.com\/media\/photos\/profiles\/2019\/12\/22\/loveisflying_1576991209.jpg","userName":"loveisflying","dateModified":"2 days ago","prodImg":"https:\/\/media.karousell.com\/media\/photos\/products\/2022\/2\/12\/supreme_tee_in_white_1644681350_6db8638b_progressive_thumbnail.jpg","prodTitle":"Supreme tee in white","prodPrice":"S$70","prodCondition":"Well used","prodLikes":1,"freeShipping":false,"carouProtect":false},{"profilePic":"https:\/\/media.karousell.com\/media\/photos\/profiles\/2014\/12\/07\/poh.siewkiak_1417959945.jpg","userName":"poh.siewkiak","dateModified":"2 days ago","prodImg":"https:\/\/media.karousell.com\/media\/photos\/products\/2022\/2\/12\/oven_toaster_1644651110_fcf56f38_progressive_thumbnail.jpg","prodTitle":"Oven toaster","prodPrice":"S$25","prodCondition":"Well used","prodLikes":3,"freeShipping":false,"carouProtect":false},{"profilePic":"https:\/\/media.karousell.com\/media\/photos\/profiles\/2018\/03\/26\/savewastage_1522036223.jpg","userName":"savewastage","dateModified":"2 days ago","prodImg":"https:\/\/media.karousell.com\/media\/photos\/products\/2022\/2\/12\/fwp_manual_food_chopper_for_ve_1644636440_507d140f_progressive_thumbnail.jpg","prodTitle":"FWP Manual Food Chopper for Vegetable Fruits Nuts Onions ...","prodPrice":"FREE","prodCondition":"Well used","prodLikes":2,"freeShipping":false,"carouProtect":true},{"profilePic":"https:\/\/media.karousell.com\/media\/photos\/profiles\/2021\/07\/24\/naomihayashi_1627087963.jpg","userName":"robinhayashi","dateModified":"2 days ago","prodImg":"https:\/\/media.karousell.com\/media\/photos\/products\/2022\/2\/12\/blender__heater_1644668435_a55df579_progressive_thumbnail.jpg","prodTitle":"Blender \/ Heater","prodPrice":"S$68","prodCondition":"Brand new","prodLikes":0,"freeShipping":false,"carouProtect":false},{"profilePic":"https:\/\/media.karousell.com\/media\/photos\/profiles\/2022\/01\/26\/julder_1643154974.jpg","userName":"julder","dateModified":"2 days ago","prodImg":"https:\/\/media.karousell.com\/media\/photos\/products\/2022\/2\/12\/mk_1644625868_e6605fe4_progressive_thumbnail.jpg","prodTitle":"Mk","prodPrice":"S$40","prodCondition":"Brand new","prodLikes":3,"freeShipping":false,"carouProtect":false},{"profilePic":"https:\/\/media.karousell.com\/media\/photos\/profiles\/default.png","userName":"sclee5","dateModified":"2 days ago","prodImg":"https:\/\/media.karousell.com\/media\/photos\/products\/2022\/2\/12\/casio_lady_watch_1644657753_a5db50b5_progressive_thumbnail.jpg","prodTitle":"Casio lady watch","prodPrice":"S$120","prodCondition":"Brand new","prodLikes":0,"freeShipping":false,"carouProtect":false},{"profilePic":"https:\/\/media.karousell.com\/media\/photos\/profiles\/2017\/03\/11\/datsmond_1489235281.jpg","userName":"datsmond","dateModified":"2 days ago","prodImg":"https:\/\/media.karousell.com\/media\/photos\/products\/2022\/2\/12\/samsung_galaxy_a72_dual_sim_a7_1644636261_fb10223c_progressive_thumbnail","prodTitle":"Samsung Galaxy A72 Dual Sim A725FD 256GB White (8GB RA...","prodPrice":"S$580","prodCondition":"Brand new","prodLikes":2,"freeShipping":false,"carouProtect":false},{"profilePic":"https:\/\/media.karousell.com\/media\/photos\/profiles\/2020\/12\/03\/hypemeupsg_1606996759.jpg","userName":"hypemeupsg","dateModified":"3 days ago","prodImg":"https:\/\/media.karousell.com\/media\/photos\/products\/2022\/2\/11\/stone_island_cap_1644567106_2d1ddc91_progressive_thumbnail.jpg","prodTitle":"Stone island cap","prodPrice":"S$19.95","prodCondition":"Brand new","prodLikes":0,"freeShipping":false,"carouProtect":true},{"profilePic":"https:\/\/media.karousell.com\/media\/photos\/profiles\/2022\/01\/18\/penyelampitmodel-87053_1642519576.jpg","userName":"micatriftstore","dateModified":"3 days ago","prodImg":"https:\/\/media.karousell.com\/media\/photos\/products\/2022\/2\/11\/xlarge_long_sleeves_og_logo_1644580399_2b80043a_progressive_thumbnail.jpg","prodTitle":"XLarge Long Sleeves OG Logo","prodPrice":"S$30","prodCondition":"Well used","prodLikes":0,"freeShipping":false,"carouProtect":true},{"profilePic":"https:\/\/media.karousell.com\/media\/photos\/profiles\/2021\/12\/30\/superiorkitchenoffical_1640875658.jpg","userName":"qsunkitchenequipment","dateModified":"2 days ago","prodImg":"https:\/\/media.karousell.com\/media\/photos\/products\/2022\/2\/12\/salamander_codeti4323_1644649848_fa2eaaef_progressive_thumbnail","prodTitle":"Salamander Code:TI4323","prodPrice":"S$199","prodCondition":"Brand new","prodLikes":0,"freeShipping":false,"carouProtect":false},{"profilePic":"https:\/\/media.karousell.com\/media\/photos\/profiles\/2020\/11\/12\/likesea_1605116983.jpg","userName":"likesea","dateModified":"2 days ago","prodImg":"https:\/\/media.karousell.com\/media\/photos\/products\/2022\/2\/12\/cornell_toaster_oven_1644637323_3b35ceca_progressive_thumbnail.jpg","prodTitle":"cornell toaster oven","prodPrice":"S$24","prodCondition":"Like new","prodLikes":1,"freeShipping":false,"carouProtect":false},{"profilePic":"https:\/\/media.karousell.com\/media\/photos\/profiles\/2022\/01\/27\/happydealshop_1643260513.jpg","userName":"happydealshop","dateModified":"2 days ago","prodImg":"https:\/\/media.karousell.com\/media\/photos\/products\/2022\/2\/12\/toyomi_hm711_300w_electric_han_1644640499_ebd3202d_progressive_thumbnail","prodTitle":"TOYOMI HM-711 300W ELECTRIC HAND MIXER ***2 Y...","prodPrice":"S$47.39","prodCondition":"Brand new","prodLikes":0,"freeShipping":false,"carouProtect":true},{"profilePic":"https:\/\/media.karousell.com\/media\/photos\/profiles\/2022\/01\/21\/superiorkitchenoffical_1642736346.jpg","userName":"tangkitchenofficial","dateModified":"2 days ago","prodImg":"https:\/\/media.karousell.com\/media\/photos\/products\/2022\/2\/12\/hand_blender_codehq9484_1644644594_ea516eb1_progressive_thumbnail","prodTitle":"Hand Blender Code:HQ9484","prodPrice":"S$131","prodCondition":"Brand new","prodLikes":0,"freeShipping":false,"carouProtect":false},{"profilePic":"https:\/\/media.karousell.com\/media\/photos\/profiles\/2017\/04\/05\/thebraletteshop_1491366737.jpg","userName":"destinyxzx","dateModified":"2 days ago","prodImg":"https:\/\/media.karousell.com\/media\/photos\/products\/2022\/2\/12\/olivia_burton_watch_bnib_1644671758_8c31e175_progressive_thumbnail.jpg","prodTitle":"Olivia Burton Watch BNIB","prodPrice":"S$130","prodCondition":"Brand new","prodLikes":1,"freeShipping":true,"carouProtect":true},{"profilePic":"https:\/\/media.karousell.com\/media\/photos\/profiles\/2022\/02\/10\/flash-deal_1644489064.jpg","userName":"flash-deal","dateModified":"2 days ago","prodImg":"https:\/\/media.karousell.com\/media\/photos\/products\/2022\/2\/12\/nixon_siren_ss_womens_36mm__ro_1644664376_1d572087_progressive_thumbnail","prodTitle":"Nixon Siren SS Women's 36mm - Rose Gold\/Black (A12111098)","prodPrice":"S$195.25","prodCondition":"Brand new","prodLikes":1,"freeShipping":false,"carouProtect":true},{"profilePic":"https:\/\/media.karousell.com\/media\/photos\/profiles\/2021\/04\/15\/challenger.eastpoint_1618491953.jpg","userName":"challenger.eastpoint","dateModified":"2 days ago","prodImg":"https:\/\/media.karousell.com\/media\/photos\/products\/2022\/2\/12\/samsung_galaxy_s21_ultra_12gb2_1644653076_bc7a2cd0_progressive_thumbnail","prodTitle":"Samsung Galaxy S21 Ultra 12GB\/256GB 5G - Display Set","prodPrice":"S$1,167","prodCondition":"Like new","prodLikes":4,"freeShipping":false,"carouProtect":false},{"profilePic":"https:\/\/media.karousell.com\/media\/photos\/profiles\/2017\/05\/27\/liangling84_1495876248.jpg","userName":"l3_lee","dateModified":"2 days ago","prodImg":"https:\/\/media.karousell.com\/media\/photos\/products\/2022\/2\/12\/samsung_note_10_plus_512gb_1644672221_b70ae27a_progressive_thumbnail.jpg","prodTitle":"Samsung Note 10 plus 512gb","prodPrice":"S$540","prodCondition":"Like new","prodLikes":9,"freeShipping":false,"carouProtect":false},{"profilePic":"https:\/\/media.karousell.com\/media\/photos\/profiles\/2019\/12\/12\/hantubantu_1576162232.jpg","userName":"hantubantu","dateModified":"3 days ago","prodImg":"https:\/\/media.karousell.com\/media\/photos\/products\/2022\/2\/11\/steal_supreme_tee_1644608770_e952acaf_progressive_thumbnail.jpg","prodTitle":"\ud83d\udd25STEAL\ud83d\udd25 Supreme Yohji-Yamamoto Tee","prodPrice":"S$90","prodCondition":"Like new","prodLikes":3,"freeShipping":false,"carouProtect":true},{"profilePic":"https:\/\/media.karousell.com\/media\/photos\/profiles\/2021\/11\/27\/supreme_fw21_1638009443.jpg","userName":"supreme_fw21","dateModified":"3 days ago","prodImg":"https:\/\/media.karousell.com\/media\/photos\/products\/2022\/2\/11\/supreme_tee_spend_it_black_fw__1644567796_fdf16c3a_progressive_thumbnail.jpg","prodTitle":"Supreme tee Spend it black FW 21 New York week 18","prodPrice":"S$109.90","prodCondition":"Brand new","prodLikes":5,"freeShipping":false,"carouProtect":true},{"profilePic":"https:\/\/media.karousell.com\/media\/photos\/profiles\/2021\/12\/15\/lobangqueenhere_1639502250.jpg","userName":"lobangqueenhere","dateModified":"2 days ago","prodImg":"https:\/\/media.karousell.com\/media\/photos\/products\/2022\/2\/12\/brand_new_instock__cornell_sma_1644670285_12541f71_progressive_thumbnail","prodTitle":"BRAND NEW INSTOCK - CORNELL SMALL TOASTER OV...","prodPrice":"S$56","prodCondition":"Brand new","prodLikes":0,"freeShipping":false,"carouProtect":true},{"profilePic":"https:\/\/media.karousell.com\/media\/photos\/profiles\/2022\/01\/19\/damienchua_1642588464.jpg","userName":"damienchua","dateModified":"2 days ago","prodImg":"https:\/\/media.karousell.com\/media\/photos\/products\/2022\/2\/12\/707_tot0930_toaster_oven_9l__a_1644650524_dcbbb1fb_progressive_thumbnail","prodTitle":"707 TOT0930 Toaster Oven 9L - A1429","prodPrice":"S$42.90","prodCondition":"Brand new","prodLikes":1,"freeShipping":false,"carouProtect":true},{"profilePic":"https:\/\/media.karousell.com\/media\/photos\/profiles\/2017\/12\/02\/missysiau_1512179250.jpg","userName":"missysiau","dateModified":"2 days ago","prodImg":"https:\/\/media.karousell.com\/media\/photos\/products\/2022\/2\/12\/braun_multi_quick_1644655981_893ca388_progressive_thumbnail.jpg","prodTitle":"Braun multi quick","prodPrice":"S$70","prodCondition":"Like new","prodLikes":0,"freeShipping":false,"carouProtect":false},{"profilePic":"https:\/\/media.karousell.com\/media\/photos\/profiles\/2021\/09\/05\/icekitchenequipment_1630832911.jpg","userName":"icekitchenequipment","dateModified":"2 days ago","prodImg":"https:\/\/media.karousell.com\/media\/photos\/products\/2022\/2\/12\/ice_blender_sinbo_codefj4932_1644636412_701f70ea_progressive_thumbnail","prodTitle":"Ice Blender Sinbo Code:FJ4932","prodPrice":"S$90","prodCondition":"Brand new","prodLikes":1,"freeShipping":false,"carouProtect":false},{"profilePic":"https:\/\/media.karousell.com\/media\/photos\/profiles\/2021\/03\/23\/ertce_1616467572.jpg","userName":"ertce","dateModified":"2 days ago","prodImg":"https:\/\/media.karousell.com\/media\/photos\/products\/2022\/2\/12\/bvlgari_bb19_2tg_tubogas_diamo_1644655234_a351db04_progressive_thumbnail","prodTitle":"BVLGARI BB19 2TG TUBOGAS DIAMOND 750 WOMEN WAT...","prodPrice":"S$5,200","prodCondition":"Heavily used","prodLikes":15,"freeShipping":false,"carouProtect":false},{"profilePic":"https:\/\/media.karousell.com\/media\/photos\/profiles\/2020\/06\/09\/cspoh2020_1591716706.jpg","userName":"csp2010","dateModified":"2 days ago","prodImg":"https:\/\/media.karousell.com\/media\/photos\/products\/2022\/2\/12\/like_new_samsung_note_5_32gb_1644639574_a244f988_progressive_thumbnail.jpg","prodTitle":"Like new Samsung Note 5 32GB","prodPrice":"S$150","prodCondition":"Like new","prodLikes":1,"freeShipping":false,"carouProtect":false},{"profilePic":"https:\/\/media.karousell.com\/media\/photos\/profiles\/2020\/05\/14\/frankie.c.zhicai_1589471966.jpg","userName":"q.mobile188","dateModified":"2 days ago","prodImg":"https:\/\/media.karousell.com\/media\/photos\/products\/2022\/2\/12\/samsung_galaxy_flip3_5g_256gb_1644639053_78b9d809_progressive_thumbnail.jpg","prodTitle":"Samsung Galaxy Flip3 5g (256GB)","prodPrice":"S$1,068","prodCondition":"Brand new","prodLikes":0,"freeShipping":false,"carouProtect":false},{"profilePic":"https:\/\/media.karousell.com\/media\/photos\/profiles\/2021\/11\/27\/supreme_fw21_1638009443.jpg","userName":"supreme_fw21","dateModified":"3 days ago","prodImg":"https:\/\/media.karousell.com\/media\/photos\/products\/2022\/2\/11\/supreme_tee_christopher_wool_u_1644569107_181e1924_progressive_thumbnail.jpg","prodTitle":"Supreme tee Christopher wool untitled 1995 FW 21 New York...","prodPrice":"S$99.90","prodCondition":"Brand new","prodLikes":4,"freeShipping":false,"carouProtect":true},{"profilePic":"https:\/\/media.karousell.com\/media\/photos\/profiles\/default.png","userName":"kazamp","dateModified":"3 days ago","prodImg":"https:\/\/media.karousell.com\/media\/photos\/products\/2022\/2\/11\/bnwt_supreme_dead_prez_1644547860_599f14a6_progressive_thumbnail.jpg","prodTitle":"Bnwt supreme dead prez","prodPrice":"S$180","prodCondition":"Brand new","prodLikes":0,"freeShipping":false,"carouProtect":false},{"profilePic":"https:\/\/media.karousell.com\/media\/photos\/profiles\/2022\/01\/27\/happydealshop_1643260513.jpg","userName":"happydealshop","dateModified":"3 days ago","prodImg":"https:\/\/media.karousell.com\/media\/photos\/products\/2022\/2\/11\/odette_2_slice_bread_toaster_p_1644547755_f870fbe7_progressive_thumbnail","prodTitle":"Odette 2 slice bread toaster- Pink Toaster\/Mint Toaster\/Loc...","prodPrice":"S$31.90","prodCondition":"Brand new","prodLikes":0,"freeShipping":false,"carouProtect":true},{"profilePic":"https:\/\/media.karousell.com\/media\/photos\/profiles\/default.png","userName":"nezukochan008","dateModified":"3 days ago","prodImg":"https:\/\/media.karousell.com\/media\/photos\/products\/2022\/2\/11\/smeg_toaster_red_1644599566_1ac5b219_progressive_thumbnail.jpg","prodTitle":"SMEG toaster Red","prodPrice":"S$160","prodCondition":"Brand new","prodLikes":0,"freeShipping":false,"carouProtect":false},{"profilePic":"https:\/\/media.karousell.com\/media\/photos\/profiles\/2015\/02\/09\/lynmstan_1423480126.jpg","userName":"missytan88","dateModified":"2 days ago","prodImg":"https:\/\/media.karousell.com\/media\/photos\/products\/2022\/2\/12\/tefal_blender_grinder_1644637238_1e5e2023_progressive_thumbnail.jpg","prodTitle":"Tefal blender Grinder","prodPrice":"S$40S$50","prodCondition":"Well used","prodLikes":0,"freeShipping":false,"carouProtect":false},{"profilePic":"https:\/\/media.karousell.com\/media\/photos\/profiles\/2022\/01\/27\/happydealshop_1643260513.jpg","userName":"happydealshop","dateModified":"2 days ago","prodImg":"https:\/\/media.karousell.com\/media\/photos\/products\/2022\/2\/12\/toyomi_hm711_300w_electric_han_1644642802_809c913b_progressive_thumbnail","prodTitle":"TOYOMI HM-711 300W ELECTRIC HAND MIXER ***2 Y...","prodPrice":"S$47.39","prodCondition":"Brand new","prodLikes":0,"freeShipping":false,"carouProtect":true},{"profilePic":"https:\/\/media.karousell.com\/media\/photos\/profiles\/2019\/06\/05\/lemon.meringue.tart_1559706475.jpg","userName":"lemon.meringue.tart","dateModified":"2 days ago","prodImg":"https:\/\/media.karousell.com\/media\/photos\/products\/2022\/2\/12\/authentic_rado_watch_1644657751_fdf9b8af_progressive_thumbnail.jpg","prodTitle":"Authentic Rado DiaStar Watch","prodPrice":"S$0","prodCondition":"Well used","prodLikes":1,"freeShipping":false,"carouProtect":false},{"profilePic":"https:\/\/media.karousell.com\/media\/photos\/profiles\/2016\/11\/20\/r.i.m_1479656088.jpg","userName":"r.i.m","dateModified":"2 days ago","prodImg":"https:\/\/media.karousell.com\/media\/photos\/products\/2022\/2\/12\/sophisticated_timeless_gucci_l_1644641064_d739f9c5_progressive_thumbnail.jpg","prodTitle":"Timeless Gucci Ladies Watch","prodPrice":"S$400","prodCondition":"Like new","prodLikes":0,"freeShipping":false,"carouProtect":false},{"profilePic":"https:\/\/media.karousell.com\/media\/photos\/profiles\/2021\/01\/24\/ygmobilephoneshop_1611450395.jpg","userName":"ygmobile","dateModified":"2 days ago","prodImg":"https:\/\/media.karousell.com\/media\/photos\/products\/2022\/2\/12\/samsung_note_20_ultra_5g_12256_1644629531_f87a7e0c_progressive_thumbnail.jpg","prodTitle":"Samsung Note 20 Ultra 5G (12+256)","prodPrice":"S$880","prodCondition":"Like new","prodLikes":3,"freeShipping":false,"carouProtect":true}]