[{"tittle":"Following", "image":"https://media.karousell.com/media/photos/country-collections/icons/1/2020/01/22/56-Following-cxxhdpi_1579663947.19.png"},
{"tittle":"Cars", "image":"https://media.karousell.com/media/photos/country-collections/icons/22/2020/01/22/56-Cars-cxxhdpi_1579663915.34.png"},
{"tittle":"Home Services", "image":"https://media.karousell.com/media/photos/country-collections/icons/1708/2020/01/22/56-Home_Services-cxxhdpi_1579663978.98.png"},
{"tittle":"Property", "image":"https://media.karousell.com/media/photos/country-collections/icons/73/2020/01/22/56-Property-cxxhdpi_1579664037.67.png"},
{"tittle":"Computers & Tech", "image":"https://media.karousell.com/media/photos/country-collections/icons/main_v2/01_computers_tech.png"},
{"tittle":"Mobile Phone & Gadgets", "image":"https://media.karousell.com/media/photos/country-collections/icons/main_v2/02_mobile_phones_gadgets.png"},
{"tittle":"Women's Fashion", "image":"https://media.karousell.com/media/photos/country-collections/icons/main_v2/08_womens_fashion.png"},
{"tittle":"Men's Fashion", "image":"https://media.karousell.com/media/photos/country-collections/icons/main_v2/09_mens_fashion.png"},
{"tittle":"Beauty & Personal Care", "image":"https://media.karousell.com/media/photos/country-collections/icons/main_v2/13_beauty_personal_care.png"},
{"tittle":"Luxury", "image":"https://media.karousell.com/media/photos/country-collections/icons/main_v2/10_luxury.png"},
{"tittle":"Free Items", "image":"https://media.karousell.com/media/photos/country-collections/icons/2300/2020/01/16/freeitems-1600401157.png"},
{"tittle":"Video Gaming", "image":"https://media.karousell.com/media/photos/country-collections/icons/main_v2/03_video_gaming.png"},
{"tittle":"Audio", "image":"https://media.karousell.com/media/photos/country-collections/icons/main_v2/04_audio.png"},
{"tittle":"Photography", "image":"https://media.karousell.com/media/photos/country-collections/icons/main_v2/05_photography.png"},
{"tittle":"Furniture & Home Living", "image":"https://media.karousell.com/media/photos/country-collections/icons/main_v2/06_furniture_home_living.png"},
{"tittle":"Car Accessories", "image":"https://media.karousell.com/media/photos/country-collections/icons/136/2020/01/22/56-Car_Accessories-cxxhdpi_1579663910.07.png"},
{"tittle":"TV & Home Appliances", "image":"https://media.karousell.com/media/photos/country-collections/icons/main_v2/07_tv_home_appliances.png"}
]